,keyword
0,한국가스공사
1,KT&G
2,코스맥스비티아이
3,인팩
4,SJM홀딩스
5,동아지질
6,콤텍시스템
7,BGF리테일
8,JW생명과학
9,코아스
10,신세계인터내셔날
11,CJ헬로비전
12,S&T홀딩스
13,광주신세계
14,YG PLUS
15,한섬
16,사조대림
17,동원산업
18,사조산업
19,신라교역
20,한성기업
21,CJ씨푸드
22,사조오양
23,동원수산
24,신세계건설
25,롯데관광개발
26,유나이티드제약
27,호전실업
28,동원
29,AJ렌터카
30,백광소재
31,한전산업
32,케이씨텍
33,미래산업
34,황금에스티
35,남양유업
36,롯데푸드
37,빙그레
38,농심
39,SPC삼립
40,삼양식품
41,서울식품
42,대한제당
43,CJ
44,오리온
45,롯데제과
46,크라운해태홀딩스
47,대상
48,샘표
49,오뚜기
50,고려산업
51,우성사료
52,보해양조
53,두산
54,하이트진로홀딩스
55,롯데칠성
56,하이트진로
57,대한제분
58,보락
59,무학
60,사조동아원
61,MH에탄올
62,풀무원
63,태경산업
64,동국실업
65,파미셀
66,대한방직
67,일신방직
68,SG충방
69,씨아이테크
70,효성
71,도레이케미칼
72,코오롱
73,태광산업
74,대유에이텍
75,남영비비안
76,BYC
77,갤럭시아에스엠
78,SG세계물산
79,IHQ
80,한창
81,KR모터스
82,삼양통상
83,조광피혁
84,경방
85,동일방직
86,SK케미칼
87,전방
88,삼양홀딩스
89,신영와코루
90,대현
91,DSR
92,영원무역홀딩스
93,서연
94,인디에프
95,윌비스
96,제이준코스메틱
97,대한유화
98,방림
99,성안
100,신송홀딩스
101,태평양물산
102,국동
103,일정실업
104,유니켐
105,한세예스24홀딩스
106,와이비로드
107,백산
108,선창산업
109,이건산업
110,핸즈코퍼레이션
111,보루네오
112,깨끗한나라
113,무림페이퍼
114,한솔홀딩스
115,수출포장
116,한국제지
117,F&F
118,신풍제지
119,페이퍼코리아
120,성창기업지주
121,아세아제지
122,대영포장
123,율촌화학
124,영풍제지
125,태림포장
126,한창제지
127,무림P&P
128,삼정펄프
129,세하
130,신대양제지
131,웅진
132,모나리자
133,대교
134,대원화성
135,삼천리
136,국도화학
137,금양
138,남해화학
139,화승알앤에이
140,LG
141,미원상사
142,백광산업
143,삼영화학
144,SH에너지화학
145,원림
146,OCI
147,유니드
148,카프로
149,한화케미칼
150,롯데케미칼
151,경농
152,성보화학
153,조비
154,롯데정밀화학
155,동부하이텍
156,대한화섬
157,덕성
158,송원산업
159,한올바이오파마
160,강남제비스코
161,노루홀딩스
162,조광페인트
163,에이프로젠제약
164,광동제약
165,국제약품
166,알보젠코리아
167,녹십자홀딩스
168,대웅
169,동아쏘시오홀딩스
170,동화약품
171,보령제약
172,부광약품
173,영진약품
174,유유제약
175,유한양행
176,일동홀딩스
177,일성신약
178,제일약품
179,종근당홀딩스
180,JW중외제약
181,한독
182,한미사이언스
183,아모레G
184,동성화학
185,SKC
186,한화
187,한국쉘석유
188,미창석유
189,S-Oil
190,대성합동지주
191,경동인베스트
192,이수화학
193,DRB동일
194,한국타이어월드와이드
195,NPC
196,일양약품
197,삼진제약
198,한솔케미칼
199,삼일제약
200,동방아그로
201,삼성제약
202,조흥
203,한국화장품제조
204,현대약품
205,넥센타이어
206,한국석유
207,삼화페인트
208,금호석유
209,엔케이물산
210,KG케미칼
211,경인양행
212,동성제약
213,동남합성
214,태경화학
215,대원제약
216,서흥
217,우리들제약
218,이화산업
219,화승인더
220,동부
221,넥센
222,동아타이어
223,한농화성
224,진양산업
225,AK홀딩스
226,KPX케미칼
227,영보화학
228,진양폴리
229,극동유화
230,명문제약
231,신풍제약
232,환인제약
233,더존비즈온
234,녹십자
235,한국카본
236,이연제약
237,경보제약
238,삼광글라스
239,한국유리
240,조선내화
241,한국내화
242,두산건설
243,대림B&Co
244,아이에스동서
245,동양
246,성신양회
247,쌍용양회
248,태원물산
249,한일시멘트
250,현대시멘트
251,벽산
252,일신석재
253,아세아
254,디아이
255,금비
256,제일연마
257,유니온
258,한솔PNS
259,써니전자
260,부산산업
261,동서
262,진원생명과학
263,일진디스플
264,이구산업
265,고려제강
266,동국제강
267,동양철관
268,만호제강
269,세아제강
270,현대제철
271,휴스틸
272,한국주철관
273,KISCO홀딩스
274,TCC동양
275,동일산업
276,현대비앤지스틸
277,영풍
278,조일알미늄
279,풍산홀딩스
280,코스모화학
281,한일철강
282,삼아알미늄
283,동부제철
284,NI스틸
285,고려아연
286,신화실업
287,대유플러스
288,대창
289,POSCO
290,대한제강
291,대양금속
292,부국철강
293,한국특수형강
294,DSR제강
295,영화금속
296,포스코강판
297,일진머티리얼즈
298,서원
299,남선알미늄
300,대림통상
301,동양물산
302,에넥스
303,한국프랜지
304,한샘
305,현대모비스
306,대동공업
307,삼성중공업
308,퍼스텍
309,현대엘리베이
310,혜인
311,부산주공
312,계양전기
313,가온전선
314,LS
315,대한전선
316,삼성SDI
317,삼화전기
318,삼화콘덴서
319,아남전자
320,한국전자홀딩스
321,LG이노텍
322,대우부품
323,삼성전자
324,삼성전기
325,신도리코
326,한화테크윈
327,금호전기
328,코스모신소재
329,코리아써키트
330,현대미포조선
331,기아차
332,쌍용차
333,현대차
334,현대위아
335,대원강업
336,S&T중공업
337,에쓰씨엔지니어링
338,평화홀딩스
339,오리엔트바이오
340,삼영전자
341,신일산업
342,인스코비
343,삼화왕관
344,CS홀딩스
345,태양금속
346,금강공업
347,미래아이앤지
348,대덕GDS
349,대원전선
350,SIMPAC
351,휴니드
352,세아베스틸
353,대창단조
354,디와이
355,삼성공조
356,세방전지
357,삼익THK
358,신흥
359,에스엘
360,STX
361,일진홀딩스
362,유성기업
363,참엔지니어링
364,한신기계
365,두산중공업
366,한솔테크닉스
367,화천기계
368,현대중공업
369,대덕전자
370,신성이엔지
371,퍼시스
372,한미반도체
373,삼화전자
374,SK하이닉스
375,암니스
376,경동나비엔
377,화천기공
378,LG디스플레이
379,에이엔피
380,대동전자
381,광명전기
382,경인전자
383,덕양산업
384,지엠비코리아
385,모토닉
386,지코
387,화신
388,디피씨
389,동원금속
390,한국단자
391,메디플란트
392,티에이치엔
393,대경기계
394,한온시스템
395,쿠쿠전자
396,KC그린홀딩스
397,선도전기
398,우진
399,인지컨트롤스
400,LS산전
401,동원시스템즈
402,엔케이
403,광전자
404,모나미
405,삼익악기
406,이스타코
407,성문전자
408,예스코
409,부산가스
410,SK가스
411,한국전력
412,기신정기
413,하이트론
414,세원정공
415,체시스
416,금호에이치티
417,한국주강
418,자화전자
419,계룡건설
420,고려개발
421,KCC
422,대림산업
423,GS건설
424,동부건설
425,범양건영
426,삼부토건
427,코오롱글로벌
428,현대산업
429,한신공영
430,현대건설
431,화성산업
432,까뮤이앤씨
433,한진중공업홀딩스
434,신한
435,남광토건
436,진흥기업
437,삼호
438,성지건설
439,삼호개발
440,일성건설
441,태영건설
442,한라
443,나라케이아이씨
444,한전KPS
445,지역난방공사
446,삼원강재
447,문배철강
448,LG상사
449,삼영무역
450,SK네트웍스
451,신성통상
452,GS글로벌
453,현대상사
454,LS네트웍스
455,금호산업
456,신원
457,유양디앤유
458,사조씨푸드
459,남성
460,세우글로벌
461,대성홀딩스
462,서울가스
463,한솔로지스틱스
464,청호컴넷
465,롯데하이마트
466,다우인큐브
467,코웨이
468,E1
469,대구백화점
470,신세계
471,현대그린푸드
472,두올
473,한화갤러리아타임월드
474,호텔신라
475,한솔홈데코
476,휠라코리아
477,필룩스
478,KCTC
479,천일고속
480,CJ대한통운
481,한진
482,동방
483,국보
484,한익스프레스
485,아시아나항공
486,현대상선
487,흥아해운
488,유수홀딩스
489,대한해운
490,인터지스
491,KSS해운
492,한국콜마홀딩스
493,이수페타시스
494,GS리테일
495,삼성물산
496,한국공항
497,SK텔레콤
498,KT
499,NICE
500,SK
501,제일기획
502,삼성엔지니어링
503,도화엔지니어링
504,한전기술
505,한국종합기술
506,지투알
507,에스원
508,삼성에스디에스
509,코오롱플라스틱
510,세종공업
511,WISCOM
512,SBS
513,세기상사
514,다우기술
515,디씨엠
516,대한항공
517,세방
518,이건홀딩스
519,대성미생물
520,휴온스글로벌
521,대화제약
522,대창솔루션
523,인지디스플레
524,바이온
525,상아프론테크
526,코맥스
527,포메탈
528,삼지전자
529,신화인터텍
530,제이엠아이
531,동아화성
532,코엔텍
533,한국팩키지
534,녹십자셀
535,TJ미디어
536,국일신동
537,동우팜투테이블
538,이디
539,나노엔텍
540,에버다임
541,판타지오
542,국보디자인
543,드래곤플라이
544,케이피엠테크
545,대한뉴팜
546,HRS
547,아이에이
548,이오테크닉스
549,GS홈쇼핑
550,KNN
551,코리아나
552,버추얼텍
553,유니셈
554,티비씨
555,코리드
556,화진
557,KT서브마린
558,SCI평가정보
559,소프트센
560,수성
561,CJ오쇼핑
562,유비케어
563,제이콘텐트리
564,카카오
565,동성화인텍
566,지니뮤직
567,코콤
568,넥센테크
569,위즈코프
570,솔브레인
571,동일기연
572,솔본
573,두올산업
574,인포뱅크
575,기산텔레콤
576,지엠피
577,케이엠더블유
578,세종텔레콤
579,시공테크
580,디지틀조선
581,하츠
582,제이에스티나
583,티씨케이
584,에이원앤
585,케이엘넷
586,서울반도체
587,에프에스티
588,SK머티리얼즈
589,시노펙스
590,현대정보기술
591,전파기지국
592,레드캡투어
593,우리산업홀딩스
594,바른손이앤에이
595,바텍
596,한글과컴퓨터
597,제낙스
598,한프
599,영인프런티어
600,이지바이오
601,에스아이티글로벌
602,서연탑메탈
603,와이지-원
604,엔에스엔
605,진성티이씨
606,서울제약
607,CJ프레시웨이
608,상보
609,엘컴텍
610,모아텍
611,휴맥스홀딩스
612,비트컴퓨터
613,동양에스텍
614,보타바이오
615,유아이디
616,좋은사람들
617,오르비텍
618,테라젠이텍스
619,씨티엘
620,한국정보공학
621,케이엠
622,제룡전기
623,씨그널엔터테인먼트그룹
624,서희건설
625,희림
626,매일홀딩스
627,푸드웰
628,대주산업
629,진로발효
630,엠에스씨
631,풍국주정
632,케이씨피드
633,한탑
634,한일사료
635,창해에탄올
636,신라에스지
637,하림홀딩스
638,원풍물산
639,신라섬유
640,피제이전자
641,태광
642,아가방컴퍼니
643,원풍
644,플레이위드
645,데코앤이
646,이매진아시아
647,에스마크
648,에스아이리소스
649,에머슨퍼시픽
650,에이스침대
651,제일테크노스
652,무림SP
653,대양제지
654,한국가구
655,삼보판지
656,양지사
657,대림제지
658,아이이
659,국일제지
660,화성
661,안국약품
662,아트라스BX
663,대한약품
664,진양제약
665,신일제약
666,경동제약
667,신신제약
668,삼아제약
669,보령메디앙스
670,우진비앤지
671,오공
672,동국제약
673,바이오빌
674,한일화학
675,동진쎄미켐
676,한국큐빅
677,행남생활건강
678,모헨즈
679,국영지앤엠
680,대성엘텍
681,이화전기
682,오리엔탈정공
683,서산
684,대륙제관
685,제일제강
686,포스코엠텍
687,흥국
688,삼보산업
689,광진실업
690,하이록코리아
691,코센
692,대호피앤씨
693,한국선재
694,경남스틸
695,파나진
696,삼천리자전거
697,대동금속
698,뉴인텍
699,대동기어
700,대한광통신
701,네이처셀
702,보성파워텍
703,에스엠코어
704,아진산업
705,유니슨
706,디케이디앤아이
707,부스타
708,피에스텍
709,스페코
710,시그네틱스
711,케이피에프
712,파라텍
713,풍강
714,아비코전자
715,쌍용정보통신
716,삼륭물산
717,코웰패션
718,부방
719,우리조명
720,대원산업
721,서부T&D
722,서연전자
723,세명전기
724,PN풍년
725,성우하이텍
726,KB오토시스
727,카스
728,일지테크
729,파세코
730,엠케이전자
731,엠젠플러스
732,인터엠
733,평화정공
734,청보산업
735,광림
736,영신금속
737,한일단조
738,서암기계공업
739,JW신약
740,스페로 글로벌
741,영풍정밀
742,동일철강
743,서울전자통신
744,세보엠이씨
745,새로닉스
746,웰크론강원
747,에스씨디
748,화신테크
749,이라이콤
750,바른손
751,세원물산
752,갑을메탈
753,현대공업
754,심텍홀딩스
755,비츠로테크
756,삼진
757,케이프
758,삼목에스폼
759,디오
760,엔브이에이치코리아
761,신성델타테크
762,에스앤더블류
763,정산애강
764,대양전기공업
765,농우바이오
766,아이즈비전
767,피델릭스
768,조아제약
769,솔고바이오
770,우리기술
771,남화토건
772,동원개발
773,서한
774,이테크건설
775,이화공영
776,동신건설
777,대명코퍼레이션
778,특수건설
779,삼일기업공사
780,C&S자산관리
781,신원종합개발
782,위노바
783,와이엔텍
784,주성엔지니어링
785,중앙에너비스
786,동국산업
787,원일특강
788,동화기업
789,원익큐브
790,금강철강
791,대창스틸
792,비츠로셀
793,에스에이엠티
794,그랜드백화점
795,흥구석유
796,대정화금
797,블루콤
798,예림당
799,텍셀네트컴
800,피에스케이
801,에스피지
802,원익홀딩스
803,제일바이오
804,바이오스마트
805,비츠로시스
806,제이씨현시스템
807,GMR 머티리얼즈
808,성도이엔지
809,다우데이타
810,유성티엔에스
811,리드코프
812,선광
813,네패스
814,구영테크
815,원익
816,인성정보
817,EG
818,삼진엘앤디
819,팜스토리
820,인탑스
821,쎄니트
822,해성산업
823,포비스티앤씨
824,대신정보통신
825,한국정보통신
826,한국기업평가
827,유신
828,NICE평가정보
829,에코플라스틱
830,삼일
831,경창산업
832,파라다이스
833,한국알콜
834,대주전자재료
835,유진기업
836,바른테크놀로지
837,KTH
838,현진소재
839,오스템
840,동양이엔피
841,리더스코스메틱
842,대우중공업
843,동아건설
844,삼환기업
845,로케트전기
846,씨앤상선
847,경남기업
848,서통
849,풍림산업
850,동산씨앤지
851,천지산업
852,신광기업
853,일화모직공업
854,서광건설
855,경남모직
856,영창뮤직
857,남한제지
858,SG신성건설
859,대호
860,피어리스
861,삼익건설
862,신영건설
863,고제
864,삼미
865,영풍산업
866,삼도물산
867,남양
868,대일화학
869,알앤엘바이오
870,서광
871,광덕물산
872,대우
873,해태유업
874,부흥
875,한일합섬
876,BHK
877,대선주조
878,스마텔
879,세신
880,오리온전기
881,동국무역
882,고합
883,디와이홀딩스
884,SY
885,대우송도개발
886,조인에너지
887,대우통신
888,봉신
889,JS전선
890,중앙제지
891,위너스인프라인
892,동양건설산업
893,기린
894,한메NS
895,휴리프
896,인천정유
897,한일건설
898,센추리
899,유리이에스
900,대우전자
901,태창기업
902,엠소닉
903,한국기술산업
904,C&중공업
905,아이넥스
906,KEP전자
907,케이비물산
908,한양
909,범양식품
910,다함이텍
911,삼애인더스
912,베네데스하이텍
913,케이엠에이치
914,휴닉스
915,갑을
916,맥슨텔레콤
917,대아리드선
918,이마트에브리데이
919,포스코티엠씨
920,라미화장품
921,금강화섬
922,케드콤
923,케이씨오에너지
924,배명금속
925,성원건설
926,셰프라인
927,동신
928,허메스홀딩스
929,글로스텍
930,신세계톰보이
931,동아
932,C&우방
933,셀런
934,지누스
935,인터피온반도체
936,GPS
937,신일건업
938,티엘씨레저
939,삼보컴퓨터
940,중앙건설
941,AP우주통신
942,태화쇼핑
943,한별텔레콤
944,씨크롭
945,훈영
946,에이치비이에너지
947,삼성메디슨
948,선진금속
949,KNC
950,기라정보통신
951,유성티에스아이
952,한국합섬
953,레이디
954,팬택
955,미주제강
956,울트라건설
957,렉스엘이앤지
958,동양텔레콤
959,아이텍스필
960,대주코레스
961,i 인프라
962,에듀언스
963,그로웰전자
964,나노트로닉스
965,우영
966,쌍용건설
967,AJS
968,아큐텍
969,프로비타
970,비전하이테크
971,중앙바이오텍
972,성원
973,디에스피
974,스타맥스
975,세븐코스프
976,코닉스
977,텔슨정보통신
978,모라리소스
979,경윤하이드로
980,엔케이바이오
981,희훈디앤지
982,에버리소스
983,리타워텍
984,알루코
985,동방라이텍
986,우경
987,에스티씨라이프
988,IDH
989,삼우이엠씨
990,텔슨전자
991,코리아이앤디
992,대백쇼핑
993,스탠더드텔레
994,네오퍼플
995,쏠라엔텍
996,디패션
997,보진재
998,ST&I
999,에듀패스
1000,동산진흥
1001,엠바이엔
1002,대선조선
1003,일공공일안경
1004,후야인포넷
1005,알티전자
1006,핸디소프트
1007,터보테크
1008,카라반케이디이
1009,엔토리노
1010,애드모바일
1011,에스오케이
1012,지오엠씨
1013,삼한콘트롤스
1014,삼화기연
1015,어울림엘시스
1016,보성인터
1017,두림티앤씨
1018,일레덱스홀딩
1019,지노시스템
1020,트라이써클
1021,글로웍스
1022,제넥셀
1023,올에버
1024,이론테크
1025,소예
1026,청람디지탈
1027,브이에스에스티
1028,써니트렌드
1029,CL
1030,그로웰텔레콤
1031,메카포럼
1032,케이알
1033,바이오시스
1034,한아시스템
1035,태산엘시디
1036,헤쎄나
1037,뉴켐진스템셀
1038,지니웍스
1039,플러스프로핏
1040,자강
1041,BET
1042,휴코드
1043,맥시스템
1044,택산아이엔씨
1045,세원텔레콤
1046,지앤에스티
1047,넷컴스토리지
1048,한와이어리스
1049,파워넷
1050,한신코퍼
1051,다산씨앤아이
1052,넥스텔
1053,평안물산
1054,에이원마이크로
1055,코리아링크
1056,네스테크
1057,씨모스
1058,지에스엔텍
1059,성진산업
1060,3R
1061,아이엠아이티
1062,AD모터스
1063,씨엔씨엔터
1064,포이보스
1065,지이엔에프
1066,이지클럽
1067,유니텍전자
1068,씨앤케이인터
1069,피코소프트
1070,태창파로스
1071,코아정보
1072,와이즈파워
1073,이루넷
1074,모빌링크
1075,쎄라텍
1076,어울림 네트
1077,스톰이앤에프
1078,에이엠에스
1079,KEPS
1080,제너비오믹스
1081,중앙디자인
1082,써미트
1083,포네이처
1084,알에스넷
1085,예일바이오텍
1086,제이엠피
1087,해원에스티
1088,퓨쳐인포넷
1089,지엔텍홀딩스
1090,폴리플러스
1091,PW제네틱스
1092,샤인시스템
1093,선우중공업
1094,나노하이텍
1095,SSCP
1096,에이스하이텍
1097,평산
1098,현대페인트
1099,씨엘인터내셔널
1100,포스코플랜텍
1101,하나투어
1102,LG유플러스
1103,주연테크
1104,동아에스텍
1105,티웨이홀딩스
1106,대림씨엔에스
1107,세아특수강
1108,동일제강
1109,키위미디어그룹
1110,수산중공업
1111,인천도시가스
1112,신세계 I&C
1113,롯데쇼핑
1114,엔씨소프트
1115,마니커
1116,동양네트웍스
1117,폭스브레인
1118,이-글 벳
1119,아즈텍WB
1120,조광ILI
1121,서울리거
1122,해덕파워웨이
1123,에쎈테크
1124,형지I&C
1125,비씨월드제약
1126,국순당
1127,우수AMS
1128,이랜텍
1129,이스트소프트
1130,SG&G
1131,능률교육
1132,알에프텍
1133,누리텔레콤
1134,탑엔지니어링
1135,큐렉소
1136,에너토크
1137,세코닉스
1138,한국컴퓨터
1139,캠시스
1140,잉크테크
1141,아모텍
1142,라이온켐텍
1143,빅텍
1144,삼화네트웍스
1145,파루
1146,크린앤사이언스
1147,에스엠
1148,이에스에이
1149,셀루메드
1150,정상제이엘에스
1151,SM C&C
1152,이젠텍
1153,르네코
1154,씨씨에스
1155,골드퍼시픽
1156,에프티이앤이
1157,엠에스오토텍
1158,다산네트웍스
1159,파워로직스
1160,오픈베이스
1161,세중
1162,마크로젠
1163,인선이엔티
1164,퍼시픽바이오
1165,오상자이엘
1166,유라테크
1167,성호전자
1168,서호전기
1169,금화피에스시
1170,크로바하이텍
1171,메디프론
1172,쎌바이오텍
1173,정원엔시스
1174,리노스
1175,파인디지털
1176,넥슨지티
1177,에이치케이
1178,화일약품
1179,삼표시멘트
1180,코아시아홀딩스
1181,한국코퍼레이션
1182,홈센타홀딩스
1183,삼천당제약
1184,고려제약
1185,일야
1186,엔피케이
1187,유니더스
1188,한창산업
1189,피에스엠씨
1190,성광벤드
1191,승일
1192,유니크
1193,재영솔루텍
1194,KD건설
1195,로엔
1196,코메론
1197,오로라
1198,삼영이엔씨
1199,손오공
1200,코다코
1201,위지트
1202,파크시스템스
1203,인바디
1204,삼현철강
1205,네오위즈홀딩스
1206,인터파크홀딩스
1207,에스티아이
1208,넥스트BT
1209,한양이엔지
1210,한양하이타오
1211,KCI
1212,나이스정보통신
1213,KMH하이텍
1214,에이치엘비
1215,토탈소프트
1216,고려신용정보
1217,뉴보텍
1218,오리엔트정공
1219,인터플렉스
1220,지엔코
1221,엔알케이
1222,포스코 ICT
1223,일신바이오
1224,오리콤
1225,디에이피
1226,와이디온라인
1227,위닉스
1228,글로본
1229,대농
1230,계몽사
1231,이지닷컴
1232,환영철강공업
1233,건영
1234,현대금속
1235,블루멈
1236,지아이바이오
1237,호성
1238,지디코프
1239,JS
1240,대흥멀티통신
1241,에스비엠
1242,엔써
1243,오리엔트전자
1244,케이엠에스
1245,헤파호프
1246,윌텍정보통신
1247,사라콤
1248,대양글로벌
1249,유니씨앤티
1250,아라온테크
1251,보홍
1252,인네트
1253,대국
1254,퓨쳐비젼
1255,에코페트로시스템
1256,창민테크
1257,지앤알
1258,조이토토
1259,에이프로테크놀로지
1260,화림모드
1261,에스브이에이치
1262,에듀아크
1263,이앤텍
1264,월드텔레콤
1265,VK
1266,유아이에너지
1267,알이엔
1268,팬텀엔터그룹
1269,쌈지
1270,3SOFT
1271,어울림정보
1272,콜마파마
1273,유일엔시스
1274,아이비진
1275,대한바이오
1276,한빛전자통신
1277,유티엑스
1278,엔하이테크
1279,에프아이투어
1280,레이더스
1281,세계투어
1282,포넷
1283,엠엔에프씨
1284,소프트윈
1285,CT&T
1286,엠씨티티코어
1287,이디디컴퍼니
1288,디이시스
1289,테라리소스
1290,우주통신
1291,다휘
1292,에너윈
1293,세니콘
1294,CU전자
1295,유퍼트
1296,엘앤피아너스
1297,사이노젠
1298,미니멈컬렉션
1299,휘튼
1300,플렉스컴
1301,신세계푸드
1302,제이에스코퍼레이션
1303,엠케이트렌드
1304,강원랜드
1305,우진플라임
1306,상신브레이크
1307,우신시스템
1308,팬스타엔터프라이즈
1309,에스티큐브
1310,웰크론
1311,썬코어
1312,리젠
1313,레이젠
1314,YTN
1315,룽투코리아
1316,라이브플렉스
1317,큐브스
1318,유아이엘
1319,바이넥스
1320,코미팜
1321,에이텍
1322,유진로봇
1323,YW
1324,백금T&A
1325,티에스이
1326,코텍
1327,대원미디어
1328,제이웨이
1329,대아티아이
1330,삼원테크
1331,브리지텍
1332,에이치엘비파워
1333,에이디칩스
1334,트레이스
1335,안랩
1336,NHN한국사이버결제
1337,세진티에스
1338,씨티씨바이오
1339,메디아나
1340,코데즈컴바인
1341,세운메디칼
1342,큐로홀딩스
1343,케이피티
1344,서화정보통신
1345,대진디엠피
1346,케이디켐
1347,현우산업
1348,젬백스테크놀러지
1349,코나아이
1350,에임하이
1351,크레아플래닛
1352,아이디스홀딩스
1353,마제스타
1354,SKC 솔믹스
1355,HB테크놀러지
1356,라온시큐어
1357,라이트론
1358,디스플레이텍
1359,SFA반도체
1360,성우테크론
1361,멕아이씨에스
1362,한국정밀기계
1363,씨트리
1364,에이치엘비생명과학
1365,프로텍
1366,우원개발
1367,빛샘전자
1368,지어소프트
1369,한국테크놀로지
1370,APS홀딩스
1371,초록뱀
1372,우리로
1373,옴니텔
1374,토필드
1375,한일네트웍스
1376,바른전자
1377,소리바다
1378,아이앤씨
1379,이니텍
1380,에스에프에이
1381,에프엔씨애드컬쳐
1382,캐스텍코리아
1383,경남제약
1384,토비스
1385,유앤아이
1386,이루온
1387,브레인콘텐츠
1388,SK바이오랜드
1389,3S
1390,삼보모터스
1391,프럼파스트
1392,한진피앤씨
1393,동일금속
1394,아세아텍
1395,TPC
1396,세동
1397,리노공업
1398,삼본정밀전자
1399,KCC건설
1400,포스코켐텍
1401,중앙백신
1402,W홀딩컴퍼니
1403,큐로컴
1404,한네트
1405,JYP Ent.
1406,대동스틸
1407,에코바이오
1408,아프리카TV
1409,삼영엠텍
1410,지에스이
1411,엑사이엔씨
1412,오텍
1413,디지아이
1414,프리엠스
1415,에이티테크놀러지
1416,팜스웰바이오
1417,로체시스템즈
1418,오성엘에스티
1419,SGA
1420,KG이니시스
1421,신스타임즈
1422,포스링크
1423,레드로버
1424,연우
1425,KH바텍
1426,현대통신
1427,피씨디렉트
1428,태양
1429,태웅
1430,키이스트
1431,액토즈소프트
1432,해태제과
1433,한보철강
1434,경향건설
1435,청구
1436,인켈
1437,바로크
1438,STX조선해양
1439,풍연
1440,아이씨켐
1441,블루스톤
1442,현대멀티캡
1443,시스컴
1444,토자이홀딩스
1445,디지텔
1446,엔플렉스
1447,벨로체피아노
1448,심스밸리
1449,솔빛미디어
1450,엘앤씨피
1451,케이엔티
1452,한빛네트
1453,시큐어소프트
1454,클라스타
1455,글로포스트
1456,트래픽 ITS
1457,현주컴퓨터
1458,에스피컴텍
1459,인젠
1460,코디콤
1461,한텔
1462,테크메이트
1463,큐리어스
1464,뉴씨앤씨
1465,디에이치패션
1466,이레전자산업
1467,이롬텍
1468,모디아
1469,MTRON
1470,디브이에스코리아
1471,자유투어
1472,액티투오
1473,텔라움
1474,비엔디
1475,태광이엔시
1476,모닷텔
1477,테스텍
1478,하이콤
1479,예당
1480,하우리
1481,세라온
1482,디에스
1483,모보
1484,H1바이오
1485,코아에스앤아이
1486,에코솔루션
1487,삼성수산
1488,제네시스
1489,아시아미디어홀딩스
1490,블루젬디앤씨
1491,트리니티
1492,코스모스피엘씨
1493,엔에스아이
1494,영진코퍼레이션
1495,오페스
1496,미디어코프
1497,어플라이드
1498,선팩테크
1499,뉴젠아이씨티
1500,엔빅스
1501,업필
1502,엠텍반도체
1503,신한SIT
1504,동서정보기술
1505,KTC텔레콤
1506,쿨투
1507,리더컴
1508,슈마일렉트론
1509,미리넷
1510,위다스
1511,코어비트
1512,하이스마텍
1513,아이티센
1514,플래닛82
1515,네오리소스
1516,베스트플로우
1517,우수씨엔에스
1518,한도하이테크
1519,제이콤
1520,태영텔스타
1521,지앤디윈텍
1522,케너텍
1523,모델라인
1524,해피드림
1525,UC아이콜스
1526,휴먼텍코리아
1527,이노블루
1528,티에스엠텍
1529,티이씨
1530,엔터미디어
1531,유에이블
1532,나이스메탈
1533,디아이디
1534,유니퀘스트
1535,한미글로벌
1536,CJ CGV
1537,새론오토모티브
1538,NAVER
1539,현대리바트
1540,아이콘트롤스
1541,현대로템
1542,팜스코
1543,유엔젤
1544,한국항공우주
1545,한라홀딩스
1546,두산엔진
1547,세진중공업
1548,효성ITX
1549,현대에이치씨엔
1550,영흥철강
1551,디아이씨
1552,메타바이오메드
1553,한스바이오메드
1554,제이브이엠
1555,미래컴퍼니
1556,성우전자
1557,디비케이
1558,에스폴리텍
1559,누리플랜
1560,조이시티
1561,광진윈텍
1562,MP그룹
1563,에스에이티
1564,스타플렉스
1565,제이티
1566,고려반도체
1567,로지시스
1568,효성오앤비
1569,태양씨앤엘
1570,바이로메드
1571,쇼박스
1572,한국정보인증
1573,한국전자인증
1574,한빛소프트
1575,나라엠앤디
1576,SBS콘텐츠허브
1577,에스텍파마
1578,한국경제TV
1579,아진엑스텍
1580,에스넷
1581,에스텍
1582,중앙오션
1583,팍스넷
1584,한컴시큐어
1585,대유위니아
1586,와이오엠
1587,CS
1588,코디
1589,투윈글로벌
1590,다날
1591,인트론바이오
1592,아미노로직스
1593,아이씨케이
1594,텔레칩스
1595,넥스트바이오홀딩스
1596,펩트론
1597,한컴지엠디
1598,이원컴포텍
1599,이글루시큐리티
1600,이씨에스
1601,휴비츠
1602,예스24
1603,파인디앤씨
1604,알티캐스트
1605,코아로직
1606,이그잭스
1607,바이오니아
1608,KG ETS
1609,아이리버
1610,엠게임
1611,스포츠서울
1612,도이치모터스
1613,DMS
1614,에스엔유
1615,미코
1616,코스온
1617,이엘케이
1618,서린바이오
1619,SIMPAC Metal
1620,우주일렉트로
1621,켐트로닉스
1622,오스템임플란트
1623,서울옥션
1624,쏠리드
1625,에이스일렉
1626,아인스M&M
1627,한통데이타
1628,에스피코프
1629,굿이엠지
1630,올리브나인
1631,GK파워
1632,투미비티
1633,야호
1634,케이에스알
1635,보광티에스
1636,케이디세코
1637,엠텍비젼에셋
1638,케이이엔지
1639,산양전기
1640,아이팩토리
1641,세화아이엠씨
1642,현대EP
1643,용평리조트
1644,AJ네트웍스
1645,쌍용머티리얼
1646,코리아오토글라스
1647,텔코웨어
1648,두산인프라코어
1649,대우조선해양
1650,휴비스
1651,동원F&B
1652,아이마켓코리아
1653,대우건설
1654,포스코대우
1655,아비스타
1656,에이블씨엔씨
1657,팬오션
1658,뉴프렉스
1659,MDS테크
1660,덕신하우징
1661,모두투어
1662,서원인텍
1663,스틸플라워
1664,아바텍
1665,자연과환경
1666,와토스코리아
1667,젬백스
1668,티엘아이
1669,옴니시스템
1670,비에이치아이
1671,옵트론텍
1672,오스코텍
1673,파버나인
1674,링네트
1675,아리온
1676,쎄트렉아이
1677,우리이티아이
1678,엘비세미콘
1679,아바코
1680,휘닉스소재
1681,제이엔케이히터
1682,동부라이텍
1683,시큐브
1684,대봉엘에스
1685,현대아이비티
1686,멀티캠퍼스
1687,아이씨디
1688,와이비엠넷
1689,네오티스
1690,아이크래프트
1691,하이텍팜
1692,필링크
1693,엔텔스
1694,웹젠
1695,가비아
1696,덕산하이메탈
1697,나노신소재
1698,유니온커뮤니티
1699,메디포스트
1700,홈캐스트
1701,EMW
1702,넥스턴
1703,메가스터디
1704,에프알텍
1705,iMBC
1706,바이오톡스텍
1707,위메이드
1708,크리스탈
1709,셀트리온제약
1710,엘앤에프
1711,큐에스아이
1712,이상네트웍스
1713,아이컴포넌트
1714,코위버
1715,KG모빌리언스
1716,플랜티넷
1717,CSA 코스믹
1718,디지털대성
1719,이노와이어리스
1720,제주반도체
1721,유진테크
1722,한국전자금융
1723,대성파인텍
1724,테라셈
1725,유비쿼스홀딩스
1726,에스에프씨
1727,비에이치
1728,셀트리온
1729,세한엔에스브이
1730,에스제이케이
1731,루멘스
1732,인프라웨어
1733,팅크웨어
1734,제우스
1735,케이에스피
1736,이룸지엔지
1737,아이스테이션
1738,사이버패스
1739,쓰리디월드
1740,아이드림
1741,바이나믹
1742,에버테크노
1743,인스프리트
1744,제너시스템즈
1745,테이크시스템
1746,도움
1747,신지소프트
1748,디보스
1749,세실
1750,마이스코
1751,씨티엘테크
1752,엠제이비
1753,피엘에이
1754,인포피아
1755,제이앤유글로벌
1756,아이디에스
1757,진양화학
1758,스카이라이프
1759,LG화학
1760,LG생활건강
1761,현대글로비스
1762,현대홈쇼핑
1763,세아홀딩스
1764,해태제과식품
1765,엔에스쇼핑
1766,STX중공업
1767,케이티스
1768,KTcs
1769,종근당바이오
1770,TBH글로벌
1771,웰크론한텍
1772,티플랙스
1773,성창오토텍
1774,인화정공
1775,이엘피
1776,아이오케이
1777,에스앤에스텍
1778,이트론
1779,픽셀플러스
1780,네패스신소재
1781,아이에스이커머스
1782,동국S&C
1783,CMG제약
1784,모다이노칩
1785,디이엔티
1786,진바이오텍
1787,코렌
1788,삼우엠스
1789,나노캠텍
1790,루트로닉
1791,가온미디어
1792,인베니아
1793,하나마이크론
1794,에이테크솔루션
1795,이녹스
1796,한솔씨앤피
1797,아스트
1798,GST
1799,에이티세미콘
1800,인포바인
1801,KJ프리텍
1802,일진파워
1803,삼강엠앤티
1804,팬택앤큐리텔
1805,엑스로드
1806,하이럭스
1807,엑스씨이
1808,아이알디
1809,단성일렉트론
1810,우양에이치씨
1811,이아이디
1812,현대백화점
1813,S&T모티브
1814,LG전자
1815,세이브존I&C
1816,삼성출판사
1817,대호에이엘
1818,휴켐스
1819,대웅제약
1820,형지엘리트
1821,덴티움
1822,LIG넥스원
1823,비상교육
1824,엘엠에스
1825,제이스텍
1826,상신이디피
1827,갤럭시아컴즈
1828,코리아에스이
1829,톱텍
1830,뉴파워프라즈마
1831,엘오티베큠
1832,썬텍
1833,THE E&M
1834,제이엠티
1835,케이씨에스
1836,케이씨티
1837,차바이오텍
1838,인피니트헬스케어
1839,에코프로
1840,디에스케이
1841,알에프세미
1842,제넥신
1843,컴투스
1844,동방선기
1845,동아엘텍
1846,기가레인
1847,팬엔터테인먼트
1848,다믈멀티미디어
1849,모베이스
1850,지트리비앤티
1851,코오롱생명과학
1852,게임빌
1853,피앤씨테크
1854,오디텍
1855,네오팜
1856,오킨스전자
1857,디엔에프
1858,코디엠
1859,이수앱지스
1860,우리손에프앤지
1861,웨이브일렉트로
1862,나스미디어
1863,에스에너지
1864,파이오링크
1865,인콘
1866,디지탈옵틱
1867,텔레필드
1868,진매트릭스
1869,에이치시티
1870,에스코넥
1871,이엠텍
1872,실리콘웍스
1873,한솔넥스지
1874,예스티
1875,아이센스
1876,케어젠
1877,루미마이크로
1878,넥스트리밍
1879,비엠티
1880,유니테크노
1881,이엔에프테크놀로지
1882,윈팩
1883,빅솔론
1884,엘디티
1885,알비케이이엠디
1886,미래나노텍
1887,에스와이패널
1888,청담러닝
1889,S&K폴리텍
1890,디케이락
1891,GH신소재
1892,다원시스
1893,해성옵틱스
1894,인텍플러스
1895,푸른기술
1896,제로원인터랙티브
1897,시큐리티KOR
1898,클루넷
1899,삼보오토
1900,아구스
1901,모젬
1902,씨모텍
1903,모빌탑
1904,잘만테크
1905,디지텍시스템
1906,미성포리테크
1907,엔스퍼트
1908,하이스틸
1909,금호타이어
1910,KPX그린케미칼
1911,농심홀딩스
1912,이엔쓰리
1913,한라IMS
1914,넥스트칩
1915,한국맥널티
1916,SDN
1917,테크윙
1918,고영
1919,파트론
1920,네오디안테크놀로지
1921,케이맥
1922,디에스티로봇
1923,티피씨글로벌
1924,월덱스
1925,우림기계
1926,수산아이앤티
1927,아미코젠
1928,씨큐브
1929,뷰웍스
1930,제로투세븐
1931,슈프리마에이치큐
1932,유비벨록스
1933,메디톡스
1934,투비소프트
1935,마이크로컨텍솔
1936,코렌텍
1937,로보스타
1938,유니테스트
1939,테스나
1940,ISC
1941,테스
1942,연이정보통신
1943,이엠코리아
1944,원익QnC
1945,한솔인티큐브
1946,신진에스엠
1947,이크레더블
1948,녹십자엠에스
1949,오이솔루션
1950,스맥
1951,칩스앤미디어
1952,네이쳐글로벌
1953,네오세미테크
1954,금강제강
1955,네프로아이티
1956,STX엔진
1957,GS
1958,사조해표
1959,일진다이아
1960,SK디앤디
1961,딜리
1962,텔콘
1963,셀바스AI
1964,우노앤컴퍼니
1965,넥스트아이
1966,인터로조
1967,서플러스글로벌
1968,유지인트
1969,파수닷컴
1970,디엔에이링크
1971,아이쓰리시스템
1972,멜파스
1973,ITX엠투엠
1974,케이아이엔엑스
1975,모바일리더
1976,네오피델리티
1977,크루셜텍
1978,한솔신텍
1979,엑시콘
1980,제닉
1981,제이스테판
1982,비아트론
1983,지엔씨에너지
1984,테라세미콘
1985,에프엔에스테크
1986,케이엔더블유
1987,에스디시스템
1988,동국알앤에스
1989,리드
1990,나이스디앤비
1991,한양디지텍
1992,피엔티
1993,랩지노믹스
1994,휴메딕스
1995,타이거일렉
1996,알파홀딩스
1997,옵토팩
1998,액트
1999,일경산업개발
2000,에스맥
2001,모바일어플라이언스
2002,보광산업
2003,디엠씨
2004,엠씨넥스
2005,에스티오
2006,솔루에타
2007,조이맥스
2008,코프라
2009,감마누
2010,동양피엔에프
2011,영우디에스피
2012,GBS
2013,IC코퍼레이션
2014,이월드
2015,동양고속
2016,대상홀딩스
2017,락앤락
2018,이노션
2019,GKL
2020,대한과학
2021,다나와
2022,디에이테크놀로지
2023,와이지엔터테인먼트
2024,옵티시스
2025,이엠넷
2026,한솔시큐어
2027,뉴로스
2028,이퓨쳐
2029,지스마트글로벌
2030,사파이어테크놀로지
2031,안트로젠
2032,우리넷
2033,제너셈
2034,에이디테크놀로지
2035,아이원스
2036,씨유메디칼
2037,하이즈항공
2038,뉴트리바이오텍
2039,램테크놀러지
2040,이지웰페어
2041,골프존뉴딘
2042,디티앤씨
2043,NHN벅스
2044,씨엔플러스
2045,인텔리안테크
2046,이미지스
2047,KPX생명과학
2048,지디
2049,싸이맥스
2050,KMH
2051,아시아경제
2052,마이크로프랜드
2053,아이텍반도체
2054,맥스로텍
2055,장원테크
2056,에이프로젠 H&G
2057,나노스
2058,인트로메딕
2059,모린스
2060,에이치앤아이
2061,제주항공
2062,진도
2063,평화산업
2064,노루페인트
2065,아모레퍼시픽
2066,세원셀론텍
2067,KPX홀딩스
2068,KEC
2069,LF
2070,후성
2071,웅진에너지
2072,씨에스윈드
2073,쎄미시스코
2074,씨젠
2075,코스메카코리아
2076,비덴트
2077,엘아이에스
2078,모다
2079,나이벡
2080,피앤이솔루션
2081,어보브반도체
2082,디젠스
2083,에이스테크
2084,아이지스시스템
2085,동운아나텍
2086,원익머트리얼즈
2087,인터파크
2088,매커스
2089,트루윈
2090,아이엠
2091,아나패스
2092,제이씨케미칼
2093,처음앤씨
2094,뉴프라이드
2095,웨이포트
2096,맥스브로
2097,유니드코리아
2098,승화프리텍
2099,웅진씽크빅
2100,SK이노베이션
2101,JW홀딩스
2102,한진중공업
2103,CJ제일제당
2104,화인베스틸
2105,토니모리
2106,바이오리더스
2107,애니젠
2108,아이엠텍
2109,네이블
2110,에치디프로
2111,에스엔텍
2112,베셀
2113,메지온
2114,사람인에이치알
2115,에이씨티
2116,디엠티
2117,하나머티리얼즈
2118,코닉글로리
2119,레고켐바이오
2120,참좋은레져
2121,나무가
2122,네오위즈
2123,포티스
2124,하이셈
2125,티케이케미칼
2126,코이즈
2127,인크로스
2128,서진시스템
2129,리켐
2130,육일씨엔에쓰
2131,메가엠디
2132,매직마이크로
2133,진양홀딩스
2134,S&TC
2135,코오롱머티리얼
2136,SBS미디어홀딩스
2137,아티스
2138,쌍방울
2139,동성코퍼레이션
2140,풍산
2141,일진전기
2142,한국철강
2143,유니트론텍
2144,아이진
2145,인포마크
2146,알엔투테크놀로지
2147,서전기전
2148,웹스
2149,휴젤
2150,인터불스
2151,SKC코오롱PI
2152,스킨앤스킨
2153,현성바이탈
2154,차이나그레이트
2155,파인텍
2156,우리이앤엘
2157,엘티씨
2158,하이로닉
2159,에스앤씨엔진그룹
2160,와이솔
2161,글로벌에스엠
2162,와이엠씨
2163,에스티팜
2164,에이치엔티
2165,엘앤케이바이오
2166,완리
2167,엑세스바이오
2168,잇츠한불
2169,한세실업
2170,미원홀딩스
2171,KGP
2172,LG하우시스
2173,영원무역
2174,대성에너지
2175,우리들휴브레인
2176,코오롱인더
2177,조선선재
2178,KC코트렐
2179,한국화장품
2180,SJM
2181,대성산업
2182,한미약품
2183,미원화학
2184,팀스
2185,선진
2186,이마트
2187,삼성바이오로직스
2188,삼양사
2189,넷마블게임즈
2190,와이엠티
2191,테고사이언스
2192,내츄럴엔도텍
2193,신화콘텍
2194,씨엠에스에듀
2195,유테크
2196,필옵틱스
2197,에프엔씨엔터
2198,파인테크닉스
2199,휴맥스
2200,차이나하오란
2201,씨케이에이치
2202,이스트아시아홀딩스
2203,네오오토
2204,피제이메탈
2205,한일진공
2206,선데이토즈
2207,CJ E&M
2208,신라젠
2209,하림
2210,슈피겐코리아
2211,흥국에프엔비
2212,앤디포스
2213,유바이오로직스
2214,미동앤씨네마
2215,윈스
2216,레이언스
2217,아이디스
2218,AP위성
2219,화신정공
2220,윈하이텍
2221,알톤스포츠
2222,제룡산업
2223,삼기오토모티브
2224,하이비젼시스템
2225,코리아에프티
2226,서진오토모티브
2227,SBI액시즈
2228,큐브엔터
2229,나노
2230,케이사인
2231,한국타이어
2232,애경유화
2233,동일고무벨트
2234,한국콜마
2235,파마리서치프로덕트
2236,클리오
2237,엠지메드
2238,제노포커스
2239,에이티젠
2240,퓨쳐켐
2241,와이제이엠게임즈
2242,코아스템
2243,포시에스
2244,알테오젠
2245,알서포트
2246,디에이치피코리아
2247,세미콘라이트
2248,미투온
2249,팬젠
2250,NEW
2251,파티게임즈
2252,데브시스터즈
2253,동아에스티
2254,한진칼
2255,NHN엔터테인먼트
2256,아세아시멘트
2257,종근당
2258,엔에스
2259,미래테크놀로지
2260,에코마케팅
2261,에이치엘사이언스
2262,자이글
2263,민앤지
2264,덱스터
2265,강스템바이오텍
2266,큐리언트
2267,이에스브이
2268,녹십자랩셀
2269,더블유게임즈
2270,피씨엘
2271,동양파일
2272,코미코
2273,삼양옵틱스
2274,엔지스테크널러지
2275,퓨전데이타
2276,아스타
2277,로고스바이오
2278,에스디생명공학
2279,오션브릿지
2280,크리스탈신소재
2281,헝셩그룹
2282,오가닉티코스메틱
2283,SGA솔루션즈
